{
  "stats": {
    "last_version": "1.10.2",
    "seen_versions": 1,
    "server_starts": 4,
    "prints_started": 0,
    "prints_cancelled": 0,
    "prints_errored": 0,
    "prints_finished": 0,
    "prints_started_per_weekday": {},
    "print_duration_total": 0.0,
    "print_duration_cancelled": 0.0,
    "print_duration_errored": 0.0,
    "print_duration_finished": 0.0,
    "longest_print_duration": 0.0,
    "longest_print_date": 0,
    "files_uploaded": 0,
    "files_deleted": 0,
    "plugins_installed": 5,
    "plugins_uninstalled": 0,
    "most_plugins": 41,
    "created": 1727633683,
    "created_version": "1.10.2"
  },
  "achievements": {
    "the_wizard": 1727633689,
    "adventurer": 1727634168
  },
  "state": {
    "date_last_print": "",
    "prints_today": 0,
    "date_last_cancelled_print": "",
    "prints_cancelled_today": 0,
    "consecutive_prints_cancelled_today": 0,
    "file_last_print": "",
    "consecutive_prints_of_same_file": 0,
    "date_last_weekend_print": "",
    "consecutive_weekend_prints": 0
  }
}